PolicyholderId,Name,Email,Phone,State,TenureYears,PriorClaimsCount
PH-00001,Allison Hill,donaldgarcia@example.net,+1-219-560-0133,OH,0,1
PH-00002,Meredith Barnes,zlawrence@example.org,001-626-254-2351x16155,MI,7,0
PH-00003,Kimberly Dudley,smiller@example.net,+1-659-931-0341x316,OH,17,0
PH-00004,Holly Wood,elizabethmiles@example.net,+1-219-528-3276x4835,TX,1,0
PH-00005,Renee Morales,clarksherri@example.net,837-767-2423x88496,MI,7,1
PH-00006,Zachary Hicks,camposmichelle@example.org,+1-326-691-6697x8480,IL,17,0
PH-00007,Gina Carter,shawnmckay@example.net,282-781-4893x252,FL,13,0
PH-00008,Brian Cox DVM,john39@example.org,671-882-2782,AZ,8,2
PH-00009,Tanya Campos,jenniferross@example.net,+1-557-587-1331x5098,IL,5,1
PH-00010,Michael Brown,whiteheadmichele@example.org,334.373.8299x73763,MO,8,0
PH-00011,Heather Jenkins,nuneztracey@example.org,4658133387,MO,3,0
PH-00012,Joel Baxter,ramosmichelle@example.net,908-501-3267,OH,11,2
PH-00013,Stephanie Martin,gallowayjoseph@example.com,268-272-3430x9805,AZ,8,2
PH-00014,Kathryn Farrell,brianromero@example.org,291-336-1939,GA,17,0
PH-00015,Kevin Mills,james53@example.com,(524)675-1079x9118,TX,2,1
PH-00016,Gregory Jones,mikemoore@example.net,001-449-680-8412x411,AZ,11,1
PH-00017,Daniel Cooper,william40@example.org,+1-264-300-5242x7868,OH,1,1
PH-00018,Stephen Mckee,davenportbrandi@example.org,(420)545-0533x15869,WI,2,2
PH-00019,Vanessa Cochran,vjohnson@example.com,(534)221-6073x37543,OH,12,0
PH-00020,Jennifer Ramirez,rasmussenjoshua@example.net,768.750.1429x40196,MO,5,0
PH-00021,William Wilson,jonathanfletcher@example.org,783.856.1595x14846,MI,8,1
PH-00022,Kristen Lee,lbyrd@example.net,001-746-980-4436,OH,19,1
PH-00023,Michael Dixon,donnacampbell@example.net,+1-395-913-4332x0037,FL,7,0
PH-00024,Mark Lee,psnyder@example.org,+1-401-963-2870x8317,TX,8,4
PH-00025,Victoria Larson,usalazar@example.net,(387)627-7434x87347,FL,7,1
PH-00026,George Orozco,taylorjesse@example.net,(231)566-5876,IL,7,2
PH-00027,Jean Carrillo,gateskathy@example.com,805.946.6889x3734,MO,12,0
PH-00028,George Shelton,dramsey@example.org,+1-280-669-9016x272,MI,18,2
PH-00029,Daniel Murphy,aramirez@example.com,270-580-5310,MO,6,1
PH-00030,Alex Hernandez,thomaswilson@example.org,645.829.9124x190,TX,20,0
PH-00031,Miguel Jones,curtisbarton@example.net,+1-819-905-8651x850,WI,4,0
PH-00032,Tyler Reid,bzimmerman@example.org,001-684-998-7769x4531,FL,17,0
PH-00033,John Bishop,frogers@example.com,(273)554-5494,AZ,13,2
PH-00034,Nathan Freeman,hannahbrewer@example.com,701.843.6349x578,TX,11,0
PH-00035,Krista Bell MD,john13@example.com,682-333-7498,IN,16,0
PH-00036,Elizabeth Ward,alexis82@example.com,6089427109,IL,3,0
PH-00037,Glen Sheppard,shelley71@example.org,(871)590-2294x1318,IN,13,1
PH-00038,Jamie Kerr,michelle64@example.net,+1-309-413-3412x328,TX,12,1
PH-00039,Jerry Wheeler,antonio44@example.net,413.349.3618x324,GA,16,0
PH-00040,Ricky Larson,scott74@example.net,(248)387-7190x6594,FL,0,1
PH-00041,Michael Valencia,keyemily@example.com,001-802-978-7429,OH,17,2
PH-00042,Julie Ortiz,elizabeth25@example.com,001-874-268-0715x451,MO,3,0
PH-00043,Kimberly Gutierrez,aprildean@example.com,+1-570-434-8247x7109,IN,14,0
PH-00044,Adam Russell,victoriadurham@example.com,527-948-4677,WI,16,2
PH-00045,Janet Weeks,michellehill@example.com,784-804-4997x27875,FL,3,2
PH-00046,Frank Lopez,ashleyhall@example.com,7573662702,WI,20,1
PH-00047,Jessica Fox,jsmith@example.com,+1-921-274-5961x5865,MI,4,0
PH-00048,Cynthia Cohen,wendy16@example.org,001-517-824-0050x45562,IN,17,3
PH-00049,Rebecca Jackson,lynchpatrick@example.net,279.923.7474,FL,0,1
PH-00050,Megan Moore,llandry@example.com,+1-664-674-3671x3695,GA,0,0
PH-00051,Ronald Foster,knightgina@example.net,6974439533,MO,9,0
PH-00052,Stephanie Lucas,kristina09@example.com,001-621-445-6232x8588,MI,18,3
PH-00053,Roger Olson,julie51@example.com,623-368-5160,OH,15,2
PH-00054,Michael Chambers,xcarson@example.org,+1-437-209-8593x17461,FL,4,0
PH-00055,Elizabeth Vasquez,youngamanda@example.com,258.769.2617x964,GA,17,0
PH-00056,Jeremy Young,cory58@example.net,(706)543-1713x900,FL,19,0
PH-00057,Rachel Harris DVM,brendali@example.org,729-504-2284x21020,MI,17,2
PH-00058,Alexis Baker,judyfox@example.net,577-258-9178,MI,9,0
PH-00059,Susan Hopkins,stephen00@example.com,(761)877-1159x2124,MO,14,2
PH-00060,Kerry Chavez DDS,mcguiredanny@example.net,+1-883-767-3657x6615,GA,3,0
PH-00061,Jacqueline Hernandez,fjones@example.org,(215)628-0988x51656,OH,10,0
PH-00062,Heather Lane,ericolson@example.org,(285)614-9368x998,FL,7,1
PH-00063,Donald Farmer,michael22@example.net,+1-661-720-1836x67525,IL,2,1
PH-00064,Latoya Miller,moorekaren@example.org,+1-814-376-7976x43815,IL,7,0
PH-00065,Michael Tucker,brandon69@example.org,2349324451,IL,10,0
PH-00066,Casey James,vincentwhitaker@example.com,860-860-7159,MI,8,1
PH-00067,Jennifer Wilson,burchgeorge@example.net,651.761.3696x816,MI,17,0
PH-00068,Richard Jones,schmidtjames@example.com,(923)912-4329x212,AZ,18,0
PH-00069,Olivia Cole,michelle52@example.com,377-644-9058,GA,13,0
PH-00070,Andrew Wood,chase19@example.net,267.998.0793x59782,OH,13,0
PH-00071,Steven Cooper,wagnergerald@example.org,001-777-288-9255x466,TX,14,2
PH-00072,Maria Jones,grantpaul@example.com,001-692-851-9254x6291,IL,20,4
PH-00073,Erin Anderson,lucasrodney@example.com,4544235733,OH,1,0
PH-00074,Ryan Garcia,stanleynancy@example.net,(296)822-2927,MO,3,0
PH-00075,Nathan Montes,karen73@example.net,847.835.9774,MI,17,0
PH-00076,Ruth Solis,moniquewilliams@example.com,(881)381-4124x782,TX,5,0
PH-00077,Courtney Hayes,sarah60@example.com,653.961.5305x15220,MI,2,0
PH-00078,Brenda Thornton,fgilbert@example.org,232-589-8614x341,FL,3,0
PH-00079,Riley Bryant,copelandvincent@example.net,7895324609,FL,0,3
PH-00080,Chelsea Barnett,carlos88@example.net,380.767.0654x05153,MI,5,0
PH-00081,Harold Morgan,mariacohen@example.net,822.917.0430x3054,GA,6,2
PH-00082,Paul Lee,michelle05@example.com,956-767-6527,IL,5,0
PH-00083,Kelly Owen,mmiller@example.org,+1-845-411-5447,TX,8,3
PH-00084,Heather Williams,christina64@example.net,9162582029,GA,9,0
PH-00085,David Brewer,patrick90@example.net,(775)857-1928,FL,15,0
PH-00086,Donald Horne,fitzgeraldvictor@example.com,+1-514-347-3947,WI,6,3
PH-00087,Benjamin Thompson,zosborn@example.net,451-588-4422x58313,AZ,17,0
PH-00088,Allison Spencer,tanner82@example.net,314-467-8669,MO,1,0
PH-00089,Maria Cole,david89@example.org,001-626-380-1824x22535,GA,16,3
PH-00090,Mark Pierce,colleenmendez@example.org,629.592.2995x90010,FL,5,0
PH-00091,Jennifer Fowler,ismall@example.com,+1-947-536-4710x2767,FL,2,2
PH-00092,Charles Hensley,jessica56@example.org,001-258-681-5371x47321,OH,19,0
PH-00093,Sharon Barnes,lisapeck@example.net,532-578-7747x01687,MI,12,0
PH-00094,Amber Campbell,amitchell@example.org,(624)356-5060x98358,AZ,7,1
PH-00095,Jerry Pierce,andersoncolin@example.com,985-923-9868x00025,IL,19,0
PH-00096,Steven Taylor,francisco94@example.net,688-287-9470x55169,AZ,18,1
PH-00097,Deborah Rios,jennifersilva@example.org,896.523.0913x07562,WI,6,1
PH-00098,Reginald Knapp,thorntonapril@example.net,578-565-2785x85497,MO,7,0
PH-00099,Edwin David,kellie37@example.com,258.644.1986x6524,IN,20,0
PH-00100,Angela Bradshaw,julie33@example.net,584-221-9933x083,MO,2,0
PH-00101,Gary Kennedy,adampierce@example.org,(877)434-5401x93802,AZ,18,4
PH-00102,Amanda Huff,vlopez@example.com,9044991547,OH,17,0
PH-00103,Julie Lee,riverajessica@example.net,720-354-9329x668,WI,4,3
PH-00104,Brandon Holden,pmorris@example.org,563-274-5499x045,OH,7,0
PH-00105,Julie Moore,hannah45@example.net,932.572.7956,IN,14,2
PH-00106,Melanie Larson,foxallison@example.com,491-408-8398,WI,19,4
PH-00107,Joseph Wilson,jenniferburns@example.net,207.828.6790x874,FL,0,1
PH-00108,Aaron Robinson,williamsmelvin@example.org,+1-801-770-4622,FL,9,3
PH-00109,Janet Kane DVM,qmiller@example.net,(251)228-6823,OH,4,0
PH-00110,Julie Ball,opatel@example.org,352.343.1069x033,OH,17,0
PH-00111,Jill Powers,sanchezbradley@example.com,783.702.8439,WI,19,0
PH-00112,Shawn Odom,roberthill@example.net,001-726-887-0568,MO,6,1
PH-00113,Elijah White,oallen@example.com,001-627-508-6688x263,WI,16,0
PH-00114,Bob Cole,christopher30@example.com,(299)501-3983x7354,IL,2,1
PH-00115,Tonya Wilson,srocha@example.net,001-636-738-5467x854,WI,1,0
PH-00116,Kathleen Garcia,ugill@example.org,(856)609-3204x899,IN,20,4
PH-00117,Gary James,victorpena@example.net,247-377-2522x87280,IN,14,1
PH-00118,Mary Duran,otaylor@example.org,920-938-7509,TX,17,0
PH-00119,Joseph Jenkins,morenojoshua@example.com,5866211823,OH,4,1
PH-00120,Debra Sanders,susan79@example.org,001-234-410-1666x870,MO,18,1
PH-00121,Ryan Newman,ariel18@example.org,239.474.0148,TX,4,0
PH-00122,Emily Ali,karenmarquez@example.com,842-493-9685,MO,1,2
PH-00123,Melissa Miller,brian63@example.org,899-496-5047x73586,MI,7,1
PH-00124,Mary Miller,lauren11@example.com,(662)965-5110,MO,17,2
PH-00125,Derrick Anderson,ryanhawkins@example.net,(810)315-8199x56046,TX,19,1
PH-00126,Kristin Haney,ashleyjackson@example.com,(824)644-7212,MI,5,4
PH-00127,John Jones,sheryl79@example.net,871.724.0659,IN,13,0
PH-00128,Jeffrey Colon,kevinmorrison@example.net,575.726.5479,MO,13,2
PH-00129,Robert Long,frederickjames@example.net,(980)473-7416,MI,8,0
PH-00130,Dana Hopkins,emccormick@example.com,+1-379-368-8680x589,OH,12,2
PH-00131,Mary Kelly,hartdeanna@example.net,(556)910-1438x8899,GA,7,0
PH-00132,Joel Frazier,michaeljohnson@example.org,961-312-5457x3875,GA,11,0
PH-00133,Michael Flores,bradley10@example.com,+1-812-438-2825x8673,MI,7,0
PH-00134,Matthew Foster,shannonjordan@example.org,001-933-341-9182x553,MI,12,0
PH-00135,Scott Rose,candice96@example.net,355-479-2499,OH,8,0
PH-00136,David Wilson,heather86@example.com,+1-629-466-2782x827,FL,12,1
PH-00137,Ryan Harvey,stephanie72@example.org,(588)676-7677x2190,FL,10,3
PH-00138,Danny Roberts,xcunningham@example.com,+1-281-991-4858,OH,8,0
PH-00139,Wanda Garcia,kennethkidd@example.com,451-571-3395x962,WI,1,0
PH-00140,Renee Hudson,candice25@example.net,449-748-1260x4223,TX,11,1
PH-00141,Pam Lowe,othomas@example.com,+1-266-371-1684x5775,MO,13,1
PH-00142,Judy Beck,melissa86@example.org,(237)345-4589x29750,FL,3,0
PH-00143,Sara Smith,scottsmith@example.com,724.424.1541,AZ,6,0
PH-00144,Mario Barber,rubendavis@example.org,2372129387,TX,0,1
PH-00145,Ruth Mcneil,ebenson@example.org,861.411.5542,FL,6,0
PH-00146,Megan Jones,bishopfrank@example.com,001-732-869-7311x2196,OH,10,1
PH-00147,Charles Hill,wrightcarolyn@example.net,+1-540-943-8983x640,OH,9,1
PH-00148,David Little,ricetiffany@example.com,626-596-5827x10910,TX,10,0
PH-00149,Antonio Mccormick,courtney86@example.com,001-561-488-9241x418,WI,17,0
PH-00150,Jeanette Walters,collinssamuel@example.org,6314617990,TX,12,1
PH-00151,Michael Miles,tylerreed@example.net,001-642-352-4105x6481,IN,19,1
PH-00152,Jorge Brown PhD,michaelscott@example.org,001-913-780-0030,TX,17,2
PH-00153,Chris Velazquez,tranrobin@example.net,+1-263-453-6541x9518,WI,9,0
PH-00154,Jose Williams,djones@example.com,001-945-718-7053x49493,AZ,19,1
PH-00155,Katherine Barton,jessicapayne@example.org,(206)803-8505,GA,14,0
PH-00156,Monica Garcia,robertwoodward@example.org,001-441-803-8657x191,MI,16,0
PH-00157,Keith Graham,joelgreen@example.com,(455)974-3132x9121,IN,2,0
PH-00158,Jason Herrera,shannonford@example.org,524-790-3521,AZ,10,0
PH-00159,Anthony Evans,anthonysullivan@example.com,+1-283-517-1210,MI,9,0
PH-00160,Rodney Watson,aguilarjonathan@example.org,9132721510,MI,4,0
PH-00161,Kenneth Underwood,ycrawford@example.net,(625)932-4472x09993,MI,15,1
PH-00162,Juan Brown,patrick63@example.net,638.406.5787x59856,OH,14,0
PH-00163,Kyle Johnson,brian78@example.com,001-493-421-3348x03965,AZ,6,1
PH-00164,Evan Rojas,robin05@example.net,001-229-337-8427,TX,15,0
PH-00165,Kyle Smith,nsmith@example.org,(352)750-0292,IN,20,1
PH-00166,Jacqueline Mcmahon,vwillis@example.com,622-667-5289x53926,OH,13,0
PH-00167,Nicholas Rush,xrosales@example.net,4297593917,FL,14,0
PH-00168,Cynthia Haas,daisymccarty@example.net,+1-957-804-3315x41006,MI,3,0
PH-00169,Stacey Snyder,ybell@example.org,793.427.1040x5411,GA,16,4
PH-00170,Candace Jones,morgantricia@example.com,001-806-629-6201x533,AZ,10,3
PH-00171,Elizabeth Davis,farmstrong@example.org,3502614973,GA,19,2
PH-00172,Mark Rowland,tanthony@example.com,674.918.6256x5270,FL,13,2
PH-00173,Darrell Adams,hernandezheather@example.org,858-969-3806,FL,14,2
PH-00174,Cynthia Evans,torr@example.org,898.399.2172x23320,GA,14,0
PH-00175,Jessica Osborn DDS,luis11@example.com,+1-868-354-8709,MI,20,0
PH-00176,Charles Matthews,buckleyanna@example.org,885-464-6799x7024,FL,15,1
PH-00177,Melanie Morales,vpreston@example.net,607.945.0544,WI,14,0
PH-00178,Melinda Compton,dennismccann@example.com,001-454-369-1373x67850,WI,7,0
PH-00179,Jonathon Taylor,thompsonnancy@example.org,9308705345,MO,17,0
PH-00180,Becky Johnson,tracy72@example.com,001-885-252-4140,IN,7,0
PH-00181,Kenneth Hanna,deborahbyrd@example.com,+1-668-600-7229x0349,IN,6,0
PH-00182,James Bailey,jeffery48@example.net,(391)708-5899x4417,TX,10,1
PH-00183,Margaret Hensley MD,jacob83@example.org,+1-565-720-7446x660,TX,1,0
PH-00184,Courtney Nichols,qknox@example.com,542.782.4172x48251,TX,12,3
PH-00185,Seth Fisher,nathan94@example.com,370-899-9173,AZ,0,2
PH-00186,Jennifer Pitts,derrickgonzalez@example.com,001-772-252-1752,AZ,12,0
PH-00187,Donald Juarez,barbaramoore@example.org,(296)566-6760,MO,9,2
PH-00188,Tiffany Mcclain,andrewsmith@example.net,635.442.1689,TX,17,1
PH-00189,Angel Fry,mluna@example.net,262-457-5326x03323,FL,19,2
PH-00190,Michael Conner,qmcdowell@example.net,+1-609-901-0016x761,GA,7,0
PH-00191,Christine Jennings,turnerdorothy@example.net,549.592.6189x14117,GA,0,0
PH-00192,Sandra Dudley,jade42@example.org,+1-373-975-3001,TX,5,2
PH-00193,Brandon Hunt,conwaydawn@example.com,247-201-2045x5611,IN,19,1
PH-00194,Mary Jackson,patricia94@example.net,855-921-6674,TX,18,1
PH-00195,Mariah Robles,andersonjessica@example.org,769-279-7296,IL,2,1
PH-00196,Sheryl Acosta,timothyfreeman@example.com,301.845.0899x358,IN,14,0
PH-00197,Danielle Reed,jhernandez@example.net,7025877217,WI,12,0
PH-00198,Donald Hunter,ppowell@example.org,879.871.7751x701,GA,10,0
PH-00199,Joshua Petersen,pamela83@example.net,+1-375-350-3758x99757,TX,8,2
PH-00200,Courtney Peterson,amy51@example.org,(372)861-4933,TX,8,2
